total_posts,avg_polarity,avg_subjectivity,positive_posts,neutral_posts,negative_posts,positive_pct,neutral_pct,negative_pct
298,0.26004395326363205,0.551755389032774,251,46,1,84.22818791946308,15.436241610738255,0.33557046979865773
