post_type,avg_polarity,positive_pct,neutral_pct,negative_pct
Topics,0.2612912870505345,85.0,15.0,0.0
Replies,0.2406409832451499,72.22222222222221,22.22222222222222,5.555555555555555
